-- MySQL dump 10.13  Distrib 5.7.23, for Linux (x86_64)
--
-- Host: localhost    Database: zcmol
-- ------------------------------------------------------
-- Server version	5.7.23-0ubuntu0.16.04.1

/*!40101 SET @OLD_CHARACTER_SET_CLIENT=@@CHARACTER_SET_CLIENT */;
/*!40101 SET @OLD_CHARACTER_SET_RESULTS=@@CHARACTER_SET_RESULTS */;
/*!40101 SET @OLD_COLLATION_CONNECTION=@@COLLATION_CONNECTION */;
/*!40101 SET NAMES utf8 */;
/*!40103 SET @OLD_TIME_ZONE=@@TIME_ZONE */;
/*!40103 SET TIME_ZONE='+00:00' */;
/*!40014 SET @OLD_UNIQUE_CHECKS=@@UNIQUE_CHECKS, UNIQUE_CHECKS=0 */;
/*!40014 SET @OLD_FOREIGN_KEY_CHECKS=@@FOREIGN_KEY_CHECKS, FOREIGN_KEY_CHECKS=0 */;
/*!40101 SET @OLD_SQL_MODE=@@SQL_MODE, SQL_MODE='NO_AUTO_VALUE_ON_ZERO' */;
/*!40111 SET @OLD_SQL_NOTES=@@SQL_NOTES, SQL_NOTES=0 */;

--
-- Table structure for table `article`
--

DROP TABLE IF EXISTS `article`;
/*!40101 SET @saved_cs_client     = @@character_set_client */;
/*!40101 SET character_set_client = utf8 */;
CREATE TABLE `article` (
  `_hidden` tinyint(1) NOT NULL,
  `create_at` datetime NOT NULL,
  `change_at` datetime DEFAULT NULL,
  `id` int(11) NOT NULL AUTO_INCREMENT,
  `state` int(11) NOT NULL,
  `content_type` int(11) NOT NULL,
  PRIMARY KEY (`id`)
) ENGINE=MyISAM AUTO_INCREMENT=19 DEFAULT CHARSET=utf8;
/*!40101 SET character_set_client = @saved_cs_client */;

--
-- Dumping data for table `article`
--

LOCK TABLES `article` WRITE;
/*!40000 ALTER TABLE `article` DISABLE KEYS */;
INSERT INTO `article` VALUES (0,'2016-10-03 11:26:14',NULL,1,1,1),(0,'2016-10-06 09:28:00',NULL,2,1,1),(0,'2016-10-15 11:14:00',NULL,3,1,1),(0,'2016-11-09 10:50:00',NULL,4,1,1),(0,'2016-11-16 18:29:16',NULL,5,1,1),(0,'2016-11-20 21:59:00',NULL,6,1,1),(0,'2016-11-25 13:06:00',NULL,7,1,1),(0,'2016-11-28 21:30:00',NULL,8,1,1),(0,'2016-12-07 09:41:00',NULL,9,1,1),(0,'2017-01-15 19:38:00',NULL,10,1,1),(0,'2017-02-10 20:30:00',NULL,11,1,1),(0,'2017-04-20 20:45:00',NULL,12,1,1),(0,'2017-05-15 17:33:00',NULL,13,1,1),(0,'2017-06-25 22:50:00',NULL,14,1,1),(0,'2017-12-05 21:48:00',NULL,15,1,1),(0,'2017-12-31 23:29:18',NULL,16,1,1),(0,'2018-02-01 23:32:24',NULL,17,1,1),(0,'2018-04-02 23:52:00',NULL,18,1,1);
/*!40000 ALTER TABLE `article` ENABLE KEYS */;
UNLOCK TABLES;

--
-- Table structure for table `article_comment`
--

DROP TABLE IF EXISTS `article_comment`;
/*!40101 SET @saved_cs_client     = @@character_set_client */;
/*!40101 SET character_set_client = utf8 */;
CREATE TABLE `article_comment` (
  `_hidden` tinyint(1) NOT NULL,
  `create_at` datetime NOT NULL,
  `change_at` datetime DEFAULT NULL,
  `email` varchar(50) DEFAULT NULL,
  `website` varchar(120) DEFAULT NULL,
  `content` text NOT NULL,
  `nickname` varchar(50) NOT NULL,
  `id` int(11) NOT NULL AUTO_INCREMENT,
  `article_id` int(11) DEFAULT NULL,
  `article_comment_id` int(11) DEFAULT NULL,
  PRIMARY KEY (`id`),
  KEY `article_id` (`article_id`),
  KEY `article_comment_id` (`article_comment_id`)
) ENGINE=MyISAM AUTO_INCREMENT=60 DEFAULT CHARSET=utf8;
/*!40101 SET character_set_client = @saved_cs_client */;

--
-- Dumping data for table `article_comment`
--

LOCK TABLES `article_comment` WRITE;
/*!40000 ALTER TABLE `article_comment` DISABLE KEYS */;
INSERT INTO `article_comment` VALUES (0,'2018-02-06 14:55:20',NULL,NULL,NULL,'你的网站好棒哦，继续加油！','北城',43,15,NULL),(0,'2018-01-12 15:01:12',NULL,'1297075993@qq.com',NULL,'自己写的，也不知道是不是程序了','早茶月光',42,10,41),(0,'2018-01-11 02:40:15',NULL,NULL,NULL,'网站什么程序？非常不错','smHA ',41,10,NULL),(0,'2018-01-08 10:23:19',NULL,NULL,NULL,'6','1243231223@qq.com',40,15,24),(0,'2018-01-04 10:44:35',NULL,NULL,NULL,'666','ioio',39,15,34),(0,'2018-01-03 14:43:20',NULL,'1297075993@qq.com',NULL,'挺好听的这首歌，可惜外链版权保护放不了了，这些都是这首 歌下的评论而已','早茶月光',38,13,37),(0,'2018-01-03 11:57:59',NULL,NULL,NULL,'你笔下的诗句，好伤感。','summerlemon',37,13,NULL),(0,'2018-01-01 18:53:50',NULL,NULL,NULL,'来看看，祝新年进步啊！','小彦',35,16,NULL),(0,'2018-01-02 23:07:46',NULL,'1297075993@qq.com',NULL,'嗯嗯，谢谢，你也一样，加油~','早茶月光',36,16,35),(0,'2017-12-27 18:47:49',NULL,'1297075993@qq.com',NULL,'嗯','早茶月光',34,15,31),(0,'2017-12-27 18:47:19',NULL,'1297075993@qq.com',NULL,'嗯嗯，谢谢建议~','早茶月光',33,12,21),(0,'2017-12-26 15:45:02',NULL,NULL,NULL,'有图片加载失败  加个事件吧 \r\n$(\"img\").one(\"error\", function(e){\r\n     $(this).attr(\"src\", \"default.gif\");\r\n});','An丶',32,12,NULL),(0,'2017-12-26 15:43:05',NULL,NULL,NULL,'加油','An丶',31,15,NULL),(0,'2017-12-24 20:01:23',NULL,NULL,NULL,'是的','圣斗士',30,11,NULL),(0,'2017-12-24 19:42:50',NULL,NULL,NULL,'？？？？？ƪ(‾_‾)ʃ','zz',29,2,28),(0,'2017-12-23 21:26:06',NULL,NULL,NULL,'。。','不爱梨',28,2,NULL),(0,'2017-12-23 17:03:46',NULL,'1297075993@qq.com',NULL,'en en ,的确有点不明显，不过也无所谓了，反正浏览人数也不多，嘻嘻','早茶月光',27,15,26),(0,'2017-12-17 19:24:48',NULL,NULL,NULL,'666','chenkuo',25,12,NULL),(0,'2017-12-22 10:26:41',NULL,NULL,NULL,'隐藏的够深啊，才发现有评论框','Loekman',26,15,NULL),(0,'2017-12-08 17:44:03',NULL,'1297075993@qq.com',NULL,'嗯嗯','早茶月光',24,15,23),(0,'2017-12-08 14:08:47',NULL,NULL,'	\r\nhttp://www.storeweb.cn/','网站好棒，自己写的程序？','小彦',23,15,NULL),(0,'2018-02-08 22:59:34',NULL,'1297075993@qq.com',NULL,'嗯嗯，谢谢o(*≧▽≦)ツ','早茶月光',44,15,43),(0,'2018-02-08 23:41:23',NULL,NULL,NULL,'小哥哥长得真好看，哈哈哈','芒果',45,17,NULL),(0,'2018-02-10 09:38:22',NULL,'1297075993@qq.com',NULL,'小，小，小哥哥？这称谓不太对o(ﾟДﾟ)っ','早茶月光',46,17,45),(0,'2018-02-14 13:54:20',NULL,NULL,NULL,'小。。小姐姐？？','芒果',47,17,46),(0,'2018-02-14 18:58:49',NULL,'1297075993@qq.com',NULL,'男的。。。只是小哥哥听上去总感觉怪怪 = = ','早茶月光',48,17,47),(0,'2018-03-12 23:08:44',NULL,NULL,NULL,'网站的效果做的真牛逼','张大妈工资计算器',49,11,NULL),(0,'2018-03-15 23:40:14',NULL,'1297075993@qq.com',NULL,'哈哈，这名字有趣','早茶月光',50,11,49),(0,'2018-03-31 00:06:04',NULL,NULL,NULL,'什么项目啊\r\n看来天天加班的节奏哈哈','胡博靖',51,17,NULL),(0,'2018-03-31 22:39:01',NULL,'1297075993@qq.com',NULL,'项目名 << 打倒大魔王胡博靖 >> ，做这游戏真心累， 嘻嘻O(∩_∩)O','早茶月光',52,17,51),(0,'2018-04-12 09:32:12',NULL,NULL,NULL,'自己创业吗？','yostar',53,18,NULL),(0,'2018-04-12 19:24:29',NULL,'1297075993@qq.com',NULL,'不知道算不算了，哈哈','早茶月光',54,18,53),(0,'2018-04-14 10:37:46',NULL,NULL,NULL,'这是啥网站？','？？？',55,18,54),(0,'2018-04-14 20:10:09',NULL,'1297075993@qq.com',NULL,'勉强算是个人博客吧。。。','早茶月光',56,18,55),(0,'2018-06-02 09:36:12',NULL,NULL,NULL,'你好','gogo',57,6,NULL),(0,'2018-06-20 16:18:19',NULL,'1297075993@qq.com',NULL,'你好~','早茶月光',58,6,57),(0,'2018-08-04 12:03:35','2018-08-04 12:03:35','1297075993@qq.com','http://zcmol.cn','来测试测试~','早茶月光',59,2,NULL);
/*!40000 ALTER TABLE `article_comment` ENABLE KEYS */;
UNLOCK TABLES;

--
-- Table structure for table `blog_content`
--

DROP TABLE IF EXISTS `blog_content`;
/*!40101 SET @saved_cs_client     = @@character_set_client */;
/*!40101 SET character_set_client = utf8 */;
CREATE TABLE `blog_content` (
  `id` int(11) NOT NULL AUTO_INCREMENT,
  `title` varchar(50) NOT NULL,
  `content` text NOT NULL,
  `content_category_id` int(11) NOT NULL,
  `article_id` int(11) NOT NULL,
  PRIMARY KEY (`id`),
  KEY `content_category_id` (`content_category_id`),
  KEY `article_id` (`article_id`)
) ENGINE=MyISAM DEFAULT CHARSET=utf8;
/*!40101 SET character_set_client = @saved_cs_client */;

--
-- Dumping data for table `blog_content`
--

LOCK TABLES `blog_content` WRITE;
/*!40000 ALTER TABLE `blog_content` DISABLE KEYS */;
/*!40000 ALTER TABLE `blog_content` ENABLE KEYS */;
UNLOCK TABLES;

--
-- Table structure for table `blog_content_category`
--

DROP TABLE IF EXISTS `blog_content_category`;
/*!40101 SET @saved_cs_client     = @@character_set_client */;
/*!40101 SET character_set_client = utf8 */;
CREATE TABLE `blog_content_category` (
  `_hidden` tinyint(1) NOT NULL,
  `create_at` datetime NOT NULL,
  `change_at` datetime DEFAULT NULL,
  `id` int(11) NOT NULL AUTO_INCREMENT,
  `category_name` varchar(50) NOT NULL,
  PRIMARY KEY (`id`),
  UNIQUE KEY `category_name` (`category_name`)
) ENGINE=MyISAM DEFAULT CHARSET=utf8;
/*!40101 SET character_set_client = @saved_cs_client */;

--
-- Dumping data for table `blog_content_category`
--

LOCK TABLES `blog_content_category` WRITE;
/*!40000 ALTER TABLE `blog_content_category` DISABLE KEYS */;
/*!40000 ALTER TABLE `blog_content_category` ENABLE KEYS */;
UNLOCK TABLES;

--
-- Table structure for table `blog_tag`
--

DROP TABLE IF EXISTS `blog_tag`;
/*!40101 SET @saved_cs_client     = @@character_set_client */;
/*!40101 SET character_set_client = utf8 */;
CREATE TABLE `blog_tag` (
  `_hidden` tinyint(1) NOT NULL,
  `create_at` datetime NOT NULL,
  `change_at` datetime DEFAULT NULL,
  `id` int(11) NOT NULL AUTO_INCREMENT,
  `tag_name` varchar(20) NOT NULL,
  PRIMARY KEY (`id`),
  UNIQUE KEY `tag_name` (`tag_name`)
) ENGINE=MyISAM DEFAULT CHARSET=utf8;
/*!40101 SET character_set_client = @saved_cs_client */;

--
-- Dumping data for table `blog_tag`
--

LOCK TABLES `blog_tag` WRITE;
/*!40000 ALTER TABLE `blog_tag` DISABLE KEYS */;
/*!40000 ALTER TABLE `blog_tag` ENABLE KEYS */;
UNLOCK TABLES;

--
-- Table structure for table `blog_tag_middle_table`
--

DROP TABLE IF EXISTS `blog_tag_middle_table`;
/*!40101 SET @saved_cs_client     = @@character_set_client */;
/*!40101 SET character_set_client = utf8 */;
CREATE TABLE `blog_tag_middle_table` (
  `blog_id` int(11) NOT NULL,
  `tag_id` int(11) NOT NULL,
  PRIMARY KEY (`blog_id`,`tag_id`),
  KEY `tag_id` (`tag_id`)
) ENGINE=MyISAM DEFAULT CHARSET=utf8;
/*!40101 SET character_set_client = @saved_cs_client */;

--
-- Dumping data for table `blog_tag_middle_table`
--

LOCK TABLES `blog_tag_middle_table` WRITE;
/*!40000 ALTER TABLE `blog_tag_middle_table` DISABLE KEYS */;
/*!40000 ALTER TABLE `blog_tag_middle_table` ENABLE KEYS */;
UNLOCK TABLES;

--
-- Table structure for table `daily_content`
--

DROP TABLE IF EXISTS `daily_content`;
/*!40101 SET @saved_cs_client     = @@character_set_client */;
/*!40101 SET character_set_client = utf8 */;
CREATE TABLE `daily_content` (
  `id` int(11) NOT NULL AUTO_INCREMENT,
  `title` varchar(50) NOT NULL,
  `content` text NOT NULL,
  `daily_type` varchar(20) DEFAULT NULL,
  `article_id` int(11) NOT NULL,
  PRIMARY KEY (`id`),
  KEY `article_id` (`article_id`)
) ENGINE=MyISAM AUTO_INCREMENT=19 DEFAULT CHARSET=utf8;
/*!40101 SET character_set_client = @saved_cs_client */;

--
-- Dumping data for table `daily_content`
--

LOCK TABLES `daily_content` WRITE;
/*!40000 ALTER TABLE `daily_content` DISABLE KEYS */;
INSERT INTO `daily_content` VALUES (1,'时间凝固',' ---图自-小浩君-<br> 南京四方当代美术馆 极简建筑之美<br> <img src=\"images1/10_1.jpg\" /><br> <img src=\"images1/10_2.jpg\" /><br> <img src=\"images1/10_3.jpg\" /><br>','log+',1),(2,'散文--夏夜晚风','《夏夜晚风》<br> ----源自网络----<br> <p>明月多情应笑我，笑我如今，孤负春心，独自闲行独自吟。近来怕说当时事，结遍兰襟，月浅灯深，梦里云归何处寻    伶仃长夜，万籁俱寂。我站在窗前，凝望着远方的苍穹。晚风徐来，吹过脸颊，吹过发梢，吹过思绪。我想象着，我对你的思念，会不会也随着这轻柔的风，飘向夜空    是谁说过，思念是一种痛，一种无可名状，又难以痊愈的痛。我想，回忆也是。你曾说过，我象风，放浪不羁，快意人生，时常吹得你的心，无所适从。你也说过，你象水，微风乍起时，荡起的涟漪中止了你宁静的生活；而当风平浪静后，你也只能端坐如云，重新静守那一湖的寂寞    我笑了，对你说我要做伴你一生的夏夜晚风；你也笑了，水晶般的眸子里潜藏着淡淡的忧伤。    现在我有点懂了，时光变幻，四季交替，哪里又有永远的夏夜和不息的晚风呢？也许当真是天意如此，安复强求吧。我们的故事，注定是一场失速的流离，一场彷徨的关注，一场风花的悲哀，一场美丽的闹剧    回身走向钢琴，任琴声在夜空中流淌，任思绪默默飘向远方，任窗外的繁星悄悄然点缀这满屋的惆怅。明月小楼，好风如水，清景无限，相思如梦，一室琴声，寂寞无人见   谢却荼蘼，起身轻叹，一曲《长相思》勾起来伤心。时光沧莽的洪涛中，一曲一调地演绎着那古老的歌谣。    生死挈阔，与子相悦；执子之手，与子偕老你说，也许我们今生无缘，分手是最好的选择。我默而不答。    今夜，想说给你听，不要说今生无缘，只待来世，不要不是不相信你，也不是不相信我，不相信的，也许只是那难以预测的明天，那无可抗拒的命运，那无从预知的期待    而当我与酒相伴，独守一轮明月时。才明白，命运或许只能是一种悲哀；期待，或许真的太奢侈     </p>','music+',2),(3,'Faded','谁知道生活会变成孤独世界呢<br> 追忆过往，怀念我们的从前<br> 这样我便能伴你左右，但我仍然想她<br> 疯狂的是我们竟然不互相交流<br> 路过的所有地方我都在想念你<br> 在家里，在这个城市，我期盼你会留下印记<br> 但你怎会怀念最光明的时候面对黑暗呢？真可笑<br> 我一生的挚爱消失的无影踪<br> 所以现在你是我不再想念的陌生人<br> 剩下一堆留在脏衣桶的破旧衣裳<br> 她所有的裙子，毛衣和羊毛衫<br> 我应该扔掉并忘记这些<br> 但过去的一切总是能伤害到你<br> 顺其自然吧，因为我还是会想你<br> 疯狂的生活，失去你也变得更疯狂<br>','log+',3),(4,'夜的钢琴曲五','《许我的醉，再为你清醒》<br> 　 ----源自网络----<br> 你于我的年华中黯然，我在你的眼泪里神伤，你恨！我，<br>不怪你，只感谢你给的过往，只怨我的年少不解风情!那一年，阳光灿烂，风雨正好，一地落叶缱绻风中，瞧见了你我的初<br>遇…许是我的出现本就是个错，于是懂了，有一种相遇，叫做情深缘浅。你像飞蛾，固执地闯进我的世界，以为我会是你的<br>白马，执着地将我画成了你心头的朱砂。你一直都以为，我会是那个最终驾着七彩祥云而来，迎接你的至尊宝，身边的朋<br>友也这样认为。他们默许着、微笑着、祝福着。于是，你固执着、努力着、付出着！他们懂你、你懂你、我也懂你，但你<br>却不懂我！不懂我那深藏心中，埋在泥土里的卑微，不懂我那渴望有一天能化成云彩，贴着天空，然后再去守护山川的向<br>往。你埋下一颗红豆，种在了我卑微的世界里，但那土地的贫瘠却无法承载它的生长。你的义无反顾，我也曾感动过、心<br>疼过、动摇过，但最终，还是把你错过！成了那个回不了头的孙悟空！缘浅的线，两头牵着天涯与海角，你许下了再也不<br>见，从此各安海角、天涯。再相遇，却已是经年以后，你挽着他人的臂膀，不经意的相视，你那低头沉下的漠然，却牵动<br>了我心头升起的怅然。见或者不见，只要你好，我唯有祝福。独独遗憾的是：我们不是——于经年以后，再相逢，相视一笑<br>，各道安好，各安天涯。毕业了，就要奔赴纷繁的人世，惆怅百结于心，千杯不解！相聚，许是我们最后一次的相聚了，<br>你于人潮中酩酊，我在人海里大醉，醉了，都醉了！但还能否？许我的醉，再为你清醒着，只一次就好，不为再续，只为<br>还你，我此生的亏欠！<br> 　　 　　 情，不知所起，一往而深。缘，落地无痕，遇见是真。繁华人世，莫失莫忘，且行且珍惜！<br>','log+',4),(5,'华胥引之杯中雪','柸中有雪<br>  ——春夜宴歌策划组出品<br>    【脚步声渐近】<br> 【雨声】<br> 【镯子轻碰声】<br> <p>公仪斐：（含笑）这镯子可是姑娘的？在下与姑娘，似乎在哪里见过？（停顿）在下，柸中公仪斐，敢问姑娘芳名？<br>  卿酒酒：（淡淡）永安，卿酒酒。<br>  油纸伞 烟雨迷蒙青苔<br> 见满山 一片佛桑花开<br> 声泠泠 似玉碎落石台<br> 孤笛响 前生一场梦来<br>  卿酒酒：今夜之后，我再也不会跳这支舞，我其实一点也不喜欢跳舞。这些舞步，你代我记着罢。<br>   凌云舞，偏红尘困足踝<br> 琴音渺沧海<br>   凤冠下 伊人似素玉白<br> 听惊雷 道破尘世悲哀<br> 孤笛远 似前生一场大梦远世外<br> 但听红烛烧裂情一脉<br>  卿酒酒：（嘲讽，淡淡）阿斐，你是打算，和自己的亲姐姐喝这合卺酒？<br>    曾有烟雨湿青苔 曾有凌云舞沧海<br> 不过流光转瞬难记载<br> 曾有满山佛桑花 曾有檐上月影来<br> 回首似真似假笼雾霭<br>  公仪斐：那支青花悬想，你说你练了很久，是在等着我来，想要跳给我看。<br>  卿酒酒：（冷淡）那是骗你的。<br>  双生子 问天命怎生改（怎生改）<br> 无悲喜 登高上浮云台（浮云台）<br> 结咒印 愿纷纷白雪将宿命掩埋<br> 却见风声呜咽雪长白<br>  公仪斐：如今，酒酒，你还敢笃定自己是我姐姐么？<br>  恨世间 愿来生忘情爱（忘情爱）<br> 偏落得 此生来还情债（还情债）<br> 血色淡 待浓雾漫散天边浮云开<br> 留得冰冷残躯入君怀<br>  卿酒酒：（苦笑）不顾自己性命也要救她，你真喜欢她。<br> 公仪斐：（颤抖）别说话，我带你去找大夫。<br>  卿酒酒：（虚弱，濒死）你为什么不喜欢我了，你知不知道那些话，我听了很难过。阿斐，好好活下去。<br>  公仪斐：（淡淡，略哽咽）我没有骗你，我喜欢的那个人，一直是你。（停顿，轻声）你究竟是怎样看我的，你的弟弟，还是，一个男人？<br>   恨此生 纵焚骨扬灰还不尽情债<br> 终是白玉碎落染尘埃<br>  登高台 纵烟雨迷蒙不见故人来<br> 终是满山佛桑花开败<br>   公仪斐：（哽咽）在下，杯中公仪斐，敢问姑娘芳名？<br></p> ----图自网络----<br>','music+',5),(6,'快活','<p>用70分贝的音乐营造幻想</p> <p>一个人总要走陌生的路，看陌生的风景，听陌生的歌，然后在某个不经意的瞬间，你会发现，原本费尽心机想要忘记的事情真的就这么忘记了<br> 不是每一次努力都会有收获，但是，每一次收获都必须努力，这是一个不公平的不可逆转的命题<br> 生活就是做出选择，一旦你做出了你的选择，你就必须活在你的决定中<br> 如果有一天， 让你心动的再也感动不了你，让你愤怒的再也激怒不了你，让你悲伤的再也不能让你流泪，你便知道这时光，这生活给了你什么，你为了成长，付出了什么<br> </p> ----图自网络----<br>','log+',6),(7,'秒速五厘米','<p>...重温了动漫《秒速五厘米》，思绪久久不能平静...</p> <p>我一直在寻找 你遗落在某处的碎片 <br> 旅游地的店里 报纸的角落 <br> 明知道你不可能出现 <br> 如果会有奇迹发生 我好想马上让你看到 <br> 全新的早晨 今后的我 <br> 还有那句无法说出口的“我喜欢你” <br> 我随时都会不禁想要寻找 你在某处的笑容 <br> 等待快速列车通过的平行道 <br> 明知道你不可能出现 <br> 如果生命能够重来 不论与你相遇几次我都愿意 <br> 我已经别无所求 因为没有什么东西比你更重要</p> <p>---新海诚《秒速五厘米》</p> <img src=\"images1/m1.jpeg\"><br> <img src=\"images1/m2.jpg\"><br>','music+',7),(8,'悠悠一曲','<p>我一直认为，忙碌中看书是一件很恰意的事<br>    在穷途挣扎，陌路彷徨却心怀感动的人,尘曲。其实我也想一个人安静的去远方...<br></p><br>    不曾拥有某样东西，那所谓的缺失就无从谈起。<br>你太淡了。原谅我，你只是在我的生命里太淡了。有一次在周云篷的民间演唱会上，<br>他做出了求助的示意，于是旁边的人走近，俯首问，有什么事吗？周云篷说，现在开了几盏灯？<br>那个人说，两盏。周云篷说，那关掉一盏吧，听众只需要我的音乐，而我不需要灯，<br>所以这样浪费了光明。世上原本有很多路。有些，走的人少了，渐渐就不成了路。就让我们继续与生命的慷慨与繁华相爱；即使岁月以刻薄与荒芜相欺。好多事就像雨天打着的伞，<br>你冲进房间就狼狈仓促地把它收起来扔在了一角，那褶皱里仍夹着这夜的雨水。<br>过来了很久再撑开，一股发潮的气息扑鼻而来，即使是个晴天，也会令你想起那场遥远的雨。<br>人生往往只是一个因为脱口而出所以不够通顺的陈述句。并且即使有所欠缺，仍没有第二种假设。<br>总有那么一些时年。怀揣着急切渴望被他人认真检阅的悲伤和激情，<br>对路途抱有过分的单纯和过分执拗的回忆你我之间如七律古诗，你挥笔定了首联，<br>我得削砍了我的意志以求对仗你的平仄、意境，末了还要为你压韵。 <br> --摘自《尘曲》——七堇年--<br><img src=\"images1/cq.jpg\"><br>','log+',8),(9,'为了忘却的纪念','<p style=\"text-align:left;text-indent:2em;\">\r\n回首那些错把倾诉冲动当作创作才华的无知年生，在兵荒马乱的晚自习上，在熄灯的宿舍里，我们总是在一堆堆耀武扬威的习题和试卷的缝隙间，在应急灯渐渐微弱下去的光线中，一手撑着深不可测的夜，一手写下无处倾诉的话。那是一种盲目的、消耗的状态，照管自己的生活，打理那些千头万绪的杂念，喝自己冲的咖啡，睡自己铺好的被窝，吃自己餐盘里的饭菜，写自己的作业，考自己的试，做自己的梦……世界的悲伤与灾难都太多，我们活在平静遥远的角落，无力怜悯。人间既非天堂又非地狱，末日尚远，我们惟能维护着自己的天地，\"埋头做着功课做着世间的荣辱\"……就算是洪荒滔天，也总有他人去担当……文字成为内心的形而上的依靠。 \r\n那些执念，那样的旧时光，一晃就过去了。 </p>\r\n<p style=\"text-align:left;text-indent:2em;\">回过头去看看那些浸透在白纸黑字上的生动的悲喜，切肤地感觉到，在那样一个唯唯诺诺的苟且年纪，伤情似乎是装点生命的勋章，好像只有凭借那些，幻觉般的，被我们脆弱的主观承受力无限夸大的非难，我们才得以拥有热泪盈眶的青春。尽管，生命中的温暖一直都与我们遥遥在望，而我们只不过是拒绝路过。 </p>\r\n<p style=\"text-align:left;text-indent:2em;\">\"如果有天我们湮没在人潮中，庸碌一生，那是因为我们没有努力活得丰盛。\"二十岁的时候，读到这样的句子。写这话的人又说，\"世界之大，我却不知其折或远。\"在我脚踏的这片狭小天地，经历的，不过是寻常的青春，看到的，不过是平凡的世界。在过去心高气傲的年头上，因不懂得该如何聪明地活着，所以总觉得连生命都是身外之物，\"好像这个世界说不要就不要了。\" </p>\r\n<p style=\"text-align:left;text-indent:2em;\">前些日子在英文泛读课上看了一篇美国作家写的散文，他说：\"杰斐逊总统在独立宣言里告诉我们，\'每个人都有追求幸福的权利\'，但很多人把这句话误读成\'每个人都有幸福的权利\'。\"读到这里，我为这样一个美国式的小聪明笑了起来。这篇散文不过讲述了一个古老的真理，即幸福本身就是虚妄，它只存在于追求幸福的过程中。在所谓的终点你是看不到幸福的，因为它不存在。</p> \r\n<p style=\"text-align:left;text-indent:2em;\">年华里，我们失却的是一种心情。未曾想到，在这样的一个过程中，我们的出生年代，成为了一个字正腔圆的集体烙印，被用作追捧和诟病的代名词，无论我们有着多么迥然不同的生存姿态。但是我仍然相信这些千姿百态的理想和悲哀，功名和败落的后面，有着本质上相同的，对世界和生命的勇敢诘问。这正是我们为何要紧紧抓住语言的权利去表达内心的最初的动机。无论是写作者还是阅读者，这都是光荣的事情。至少，我们有很多的孩子，愿意去思考和表达，即使无论这思考和表达的方式与内容怎样。我始终相信这是另一种意义上的殊途同归。 </p>\r\n\r\n<p style=\"text-align:left;text-indent:2em;\">因了成长本身的不完美，我希望这些如原石一般尚经不起雕琢的文字，能够以一种最接近成长的本质的真实形式--即充满了热泪、过错、遗憾、美好、希望和绝望的姿态--纪念我们已逝去的那段珍贵岁月。那些我们等待着下课、等待着放学、等待着长大的少年时代。那曾是，也将是属于我们大多数孩子的一段最清澈最美好的时光，如同所有，所有--所有踏过了中学岁月，踏过了高考，踏过了命运的沼泽，在险些陷下去的时刻，被意志和希望重新拉回到一条更值得坚持下去的路上的孩子们--所亲身经历过的那样。 </p>\r\n\r\n　　<p style=\"text-align:left;text-indent:2em;\"> 看，在这个充满爱与被爱、伤害与被伤害的世界里，生命对我们是吝啬的，因为它总是让我们失望；可是，生命又是这么慷慨，总会在失望之后给予我们拯救。 \r\n我想，因了这生命的慷慨，我们必须尊严地过下去。就如同生命本身，尊重我们的存在。 </p>\r\n<p style=\"text-align:left;text-indent:2em;\">之所以将本文集的名字命名为\"被窝是青春的坟墓\"，是因为这个名字对于我而言的重大意义。我非常怀念它。 \r\n这是一句暗号。我们那些彼时笑容灿烂，而今四散天涯的孩子们，永远都会记得它。借这样一个温暖的名字，我只愿如此诚恳地，表达我对所有正在成长中的孩子们的祝福，就像我一直被祝福的那样…… <br>\r\n\r\n　　要有最朴素的生活，与最遥远的梦想。 <br>\r\n\r\n　　即使明日天寒地冻，路远马亡。<br></p>\r\n\r\n                \r\n                           --七堇年\r\n</p>','music+',9),(10,'你想变成什么颜色？','相似的日常，会感到无聊。但是，在夏天捡到了一只白色的猫，来到了樱花庄，我发现了 无聊的并不是这段时光，而是和别人相似的自己。</br>\r\n\r\n</br>\r\n\"空太 可以牵手吗？\" </br>\r\n\r\n…… </br>\r\n\r\n”还是算了。” </br>\r\n\r\n”咦？那算什么啊“ </br>\r\n\r\n”因为 因为平静不下来 心砰砰一直跳。“ </br>\r\n\r\n你曾是那么的遥远，但是现在…… </br>\r\n\r\n“空太。” </br>\r\n\r\n“心会跳是因为你还活着。” </br>\r\n\r\n“空太呢？” </br>\r\n\r\n\"比你跳得更快。\"</br>\r\n\r\n</br>\r\n“还没开始做就先想着失败 </br>\r\n\r\n「只会浪费时间」 「不想受伤」什么的 </br>\r\n\r\n列出的全都是不去做的理由 </br>\r\n\r\n放弃了去尝试 </br>\r\n\r\n但是 看着你 我也开始想着要改变了 </br>\r\n\r\n我也希望有一天能像你一样……”</br>\r\n\r\n“你没有对我说……一起加油。” </br>\r\n\r\n“说什么一起……你已经是职业的了，而我们却……” </br>\r\n\r\n“对啊 椎名一直在我前面努力着，</br>\r\n\r\n我连她的背影都看不到……但是，</br>\r\n\r\n并不是只有我一个人看不到，</br>\r\n\r\n回过头来的椎名也看不到我。”</br>\r\n\r\n</br>\r\n“真白回英国去也没关系吗？有些事过去了就回不来了哦” </br>\r\n\r\n“我想这想那也没有用啊。决定的人是椎名。”</br>\r\n\r\n“正如你所见，离幸福结局很是遥远，半途而废感十足的结尾，</br>\r\n\r\n这才是椎名落选的最大缘由。</br>\r\n\r\n要从樱花庄搬走。我已经严正的提醒过她了，</br>\r\n\r\n说‘要重新考虑一下结局’，</br>\r\n\r\n不过 那孩子就是不听。” </br>\r\n\r\n“诶？”</br>\r\n\r\n“她说「因为那就是空太的愿望」。”</br>','log+',10),(11,'如果评论是本书','\r\n   <pre>\r\n   我曾经看过：\r\n\r\n   把最好听最安静的音乐中的评论编成一本书记下来\r\n\r\n   全世界的哲学家就无话可说了\r\n\r\n   纯音是没有故事的，故事都是听者自己的\r\n\r\n   \r\n   《爱的物理学》 质量与体积不成正比 \r\n\r\n   那个紫罗兰一般小巧的丫头 \r\n\r\n   那个似花瓣一般轻曳的丫头 \r\n\r\n   以远超过地珠的质量吸引着我 一瞬间 \r\n\r\n   我就如同牛顿的苹果般 \r\n\r\n   不受控制地滚落在她脚下 咚地一声 \r\n\r\n   从天空到在地 \r\n\r\n   心脏在持续着令人眩晕的摆动 \r\n\r\n   那是初恋\r\n\r\n\r\n   这首曲子是他推荐给我的 \r\n\r\n   依然清晰的记得 \r\n\r\n   我在公交车上听着这首歌 \r\n\r\n   脑海里全是他 \r\n\r\n   甜蜜又温暖 \r\n\r\n   而现在他已和我分开了 \r\n\r\n   那个我做梦都想跟他在一起的人 \r\n\r\n   那个说牵了手就不会轻易放开的人 \r\n\r\n   愿你永远幸福\r\n\r\n\r\n   他意外身亡，她伤心过后\r\n\r\n   决定走遍所有传闻闹鬼的地方。\r\n\r\n   结过，跑了十几年都没有见到一只鬼\r\n\r\n   她很绝望\r\n\r\n   她说：“我真的不可能再见到你了吗？\r\n\r\n   还是你不想见到我？”\r\n\r\n   忽然身后响起一个幽幽的声音：“你以为你都是怎么从那些地方平安走出来的”\r\n\r\n\r\n   是自己不够优秀吧\r\n\r\n   不管向你走多少步，你总在原地\r\n\r\n   如今你不断地后退，且奈之为何？\r\n\r\n   一次次的受伤\r\n\r\n   让我把你从家人移到了同事\r\n\r\n   从宝宝改成了全名\r\n\r\n   从你的照片换成了风景的锁屏\r\n\r\n   我说了，我没有走，我还在。\r\n\r\n   只是我不知道，我还能坚持多久，去爱你。\r\n\r\n   每一刻都行走在悬崖的边缘。\r\n\r\n   这份爱，爱得太辛苦。\r\n\r\n\r\n   王子爱上了公主\r\n\r\n   公主要王子捧着一束玫瑰花站她窗下一百个晚上\r\n\r\n   王子照做了\r\n\r\n   在第一百个晚上\r\n\r\n   王子没有来\r\n\r\n   公主问王子原因\r\n\r\n   王子的回答让公主愣住了\r\n\r\n   王子说：“爱情不应该是一个人的付出\r\n\r\n   你若只走了一步\r\n\r\n   剩下的九十九步我可以向你跑过去\r\n\r\n   可是你只是在原地等待\r\n\r\n   不是每个人的付出都不需要回报。”\r\n\r\n\r\n   外面大雪纷飞………… 我说“出去么？” \r\n\r\n   你“……” 我说“去散步吧？ \r\n\r\n   你“……” \r\n\r\n   我真的很想和你在大雪纷飞的天空下散步\r\n\r\n   因为一不小心，我们就白了头\r\n\r\n   哈哈哈哈哈哈 \r\n\r\n   骗你的 \r\n\r\n   其实 \r\n\r\n   没有下雪 也没有你\r\n\r\n\r\n   梦想和现实终有差距，看到你是15年的留言\r\n\r\n   估计你现在也应该找到了属于自己的生活了，好运吧\r\n\r\n   纯音乐区的朋友估计都是感性，细腻的人！\r\n\r\n   祝愿所有人好运\r\n\r\n   2017找到感情的归属，找到人生的方向！\r\n\r\n   </pre>',NULL,11),(12,'Miss','收藏一首歌<br>\r\n然后删掉列表里的某一首歌<br>\r\n并不是说我听腻那首歌了<br>\r\n我一直觉得 失去的才是最好的<br>\r\n然后期待着在以后的某个时间点上<br>\r\n再次遇到那首歌<br>\r\n继续的把它听下去……<br>\r\n<br>\r\n<img src=\"images1/cj.png\">','log+',12),(13,'一生中最爱','摘自云评论<br>\r\n<br>\r\n太烈的酒不要喝<br>\r\n太爱的人不要追<br>\r\n<br>\r\n高中时我的一个哥们很喜欢一个女生<br>\r\n但是他十分腼腆<br>\r\n有她的电话都不敢打给她<br>\r\n毕业时我们寝室的哥几个怂恿他叫他表白<br>\r\n他打了一个电话给她<br>\r\n他结结巴巴的说出来自己好喜欢她<br>\r\n要唱首歌送给她<br>\r\n他很有感情的唱了这首歌<br>\r\n唱完后就哭了<br>\r\n问他为什么<br>\r\n他说她早就挂断了电话<br>\r\n原来他是对空气唱完这首歌的<br>\r\n<br>\r\n\r\n<p>\r\n知乎上有人问<br>\r\n是不是越长大越难爱上一个人<br>\r\n有个回答我好喜欢<br>\r\n不是越难爱上别人 而是越来越知道自己究竟爱什么人 <br>\r\n也越来越能分辨什么是爱<br>\r\n的确<br>\r\n我们不会再像小时候<br>\r\n爱他穿了件自己喜欢的白衬衫和牛仔裤<br>\r\n现在即便心动也只是适可而止的欣赏<br>\r\n长大后<br>\r\n我们会爱的人一定是...<br>\r\n希望我们都清醒也幸运<br>\r\n</p>\r\n<br>\r\n<img src=\"images1/20170515.jpg\">','music+',13),(14,'我的心只悲伤七次','我不能等了 因为有人在等我<br><br>\r\n<p>\r\n第一次 它把成功寄希望于侥幸<br><br>\r\n第二次 当它在空虚时 用爱欲来填充<br><br>\r\n第三次 在困难和容易之间 它选择了容易<br> <br>\r\n第四次 它自由软弱 却把它认为是生命的坚韧<br><br>\r\n第五次 它犯了错误 却委过于环境<br> <br>\r\n第六次 它依靠卑贱来博取高尚<br><br>\r\n第七次 它侧身于生活的污泥中 虽不甘心 却又畏首畏尾<br><br>\r\n<br>\r\n生活是黑暗的 除非有了激励<br><br>\r\n一切激励是盲目的 除非有了知识<br> <br>\r\n一切知识都是徒然的 除非有了工作<br><br>\r\n一切工作都是空虚的 除非有了爱<br><br>\r\n</p>\r\n<br>\r\n<p>\r\n<img src=\"images1/20170625.jpg\">\r\n</p>','log+',14),(15,'过好每一天','像往常一样出门<br>一样的经过那条街<br>却发现那个不管天晴风雨也罢<br>都会有一个中年人在卖早餐的门边角落是空的<br>后来，从朋友口中得知<br>那个中年人在搬东西时伤了自己<br>挺严重的，药费就足以让他这些日子白干了...<br>有时候，生活谁都不易啊。<br>也希望他早点好吧','music+',15),(16,'你好，2018','不知不觉，2017又过去了。<br>\r\n\r\n<br>\r\n这一年，关于生活，关于工作，关于友情，亲情...关于一切，<br>\r\n\r\n<br>\r\n每个人都有一份属于自己的独家记忆。<br>\r\n\r\n<br>\r\n一路走来，想想还是很难过的。<br>\r\n\r\n<br>\r\n一天又一天，一年又一年，迷迷糊糊的青年就这样慢慢过去。<br>\r\n\r\n<br>\r\n想看的书没有看，想写的东西没有写，想去的地方没有去，想达成的目标没有达成。<br>\r\n\r\n<br>\r\n\"我太忙了，根本没有时间\"<br>\r\n\r\n<br>\r\n然而，这只是自我安慰而已。<br>\r\n\r\n<br>\r\n如果说不忙那是假的，但说没有时间也不是真的。<br>\r\n\r\n<br>\r\n为什么我这么悲催，为什么别人都轻轻松松开开心心......<br>\r\n\r\n<br>\r\n其实认真想一想会发现，你根本没有自己想象的那么辛苦。<br>\r\n\r\n<br>\r\n很多时候我们只是感动了自己，夸大了自己的辛苦，却忽视了别人的不易。<br>\r\n\r\n<br>\r\n无论是开心的还是难过的，以后都会变成难忘的<br>\r\n\r\n<br>\r\n且行，且思, 珍惜生活工作的每一天<br>\r\n\r\n<br>\r\n珍惜每一次相识, 每一份相知、每一种相聚<br>\r\n\r\n<br>\r\n不虚度、不怅惘，用心去做每一件事，无论大与小<br>\r\n\r\n<br>\r\n专心去做好每一件事，无论成与败<br>\r\n\r\n<br>\r\n凡事只要走心，就不会有负芳华。<br>\r\n\r\n<br>\r\n<br>\r\n早茶月光：祝看到这篇日常的你，2018会过的更好,加油！<br>\r\n<img style=\"width:100%\" src=\"http://zcmol-1253645803.file.myqcloud.com/QQ%E5%9B%BE%E7%89%8720171231231051.jpg\">','log+',16),(17,'第二十天','今天，终于把项目搞完了，值得干杯~~ <br>\r\n\r\n<br>\r\n这20天累的不要不要的，都不知道什么是昼夜了╮(￣▽￣\")╭<br>\r\n\r\n<br>\r\n真真真的lei <br>\r\n\r\n<br>\r\n20多天都没好好听听歌了<br>\r\n\r\n<br>\r\n晚上就到云音乐上听听每日推荐<br>\r\n\r\n<br>\r\n我的天呐，20多天没听歌，都给我推荐什么了<br>\r\n\r\n<br>\r\n真想吐槽。。。算了，不跟你计较<br>\r\n\r\n<br>\r\n然后又随便在上面溜溜<br>\r\n\r\n<br>\r\n然后发现这首歌挺好听的<br>\r\n\r\n<br>\r\n虽然听不懂，但也无所谓吧<br>\r\n\r\n<br>\r\n跟着感觉走就对了o(*≧▽≦)ツ<br>\r\n\r\n<br>\r\n然后。。。发现也不是那么好听<br>\r\n\r\n<br>\r\n我。。。<br>\r\n\r\n<br>\r\n我居然开始学会厌弃了c〳 ݓ ﹏ ݓ 〵੭<br>\r\n\r\n<br>\r\n之前明明什么歌都听的- -<br>\r\n\r\n<br>\r\n不管了<br>\r\n\r\n<br>\r\n还是先把这写完<br>\r\n\r\n<br>\r\n然后将这几十天欠的都补回来o(*≧▽≦)ツ<br>\r\n\r\n<br>\r\n发完睡觉<br>\r\n\r\n<br>\r\n。。。\r\n\r\n<br>\r\n算了<br>\r\n\r\n<br>\r\n还是先玩个游戏再睡，嗯嗯<br>\r\n\r\n<br>\r\n<br>\r\n(顺便发个自拍水水)','music+',17),(18,'结束不过开始','\"还没来得及辉煌，就已经死亡了\"<br>\r\n\r\n<br>\r\n  原以为这只是谈笑而已<br>\r\n\r\n  <br>\r\n然而，我们也快亲身去验证了, 呵<br>\r\n\r\n<br>\r\n想想还是很难过的<br>\r\n\r\n<br>\r\n 付出了却没有结果<br>\r\n\r\n  <br>\r\n  虽然想过会有这种结果<br>\r\n\r\n  <br>\r\n  但真正来临时，还是很难受<br>\r\n\r\n  <br>\r\n呼...<br>\r\n\r\n  <br>\r\n  不过也只能继续努力了<br>\r\n\r\n<br>\r\n  两个月<br>\r\n\r\n  <br>\r\n就让90后的我们，再尽心的努力两个月<br>\r\n\r\n<br>\r\n如果失败是唯一的结果<br>\r\n\r\n<br>\r\n那也让我们好好的收尾<br>\r\n\r\n<br>\r\n然后各自散场<br>\r\n\r\n<br>\r\n再次为自己努力<br>','log+',18);
/*!40000 ALTER TABLE `daily_content` ENABLE KEYS */;
UNLOCK TABLES;

--
-- Table structure for table `guestbook`
--

DROP TABLE IF EXISTS `guestbook`;
/*!40101 SET @saved_cs_client     = @@character_set_client */;
/*!40101 SET character_set_client = utf8 */;
CREATE TABLE `guestbook` (
  `create_at` datetime NOT NULL,
  `change_at` datetime DEFAULT NULL,
  `email` varchar(50) DEFAULT NULL,
  `website` varchar(120) DEFAULT NULL,
  `content` text NOT NULL,
  `nickname` varchar(50) NOT NULL,
  `id` int(11) NOT NULL AUTO_INCREMENT,
  `my_reply` text,
  PRIMARY KEY (`id`)
) ENGINE=MyISAM AUTO_INCREMENT=209 DEFAULT CHARSET=utf8;
/*!40101 SET character_set_client = @saved_cs_client */;

--
-- Dumping data for table `guestbook`
--

LOCK TABLES `guestbook` WRITE;
/*!40000 ALTER TABLE `guestbook` DISABLE KEYS */;
INSERT INTO `guestbook` VALUES ('2016-11-13 16:51:21',NULL,NULL,NULL,'自己来给自己评论','忘却却不了',1,'ԅ(¯㉨¯ԅ)'),('2016-11-21 23:43:27',NULL,NULL,NULL,'55555','55',2,''),('2016-11-13 18:00:00',NULL,NULL,NULL,'自己给自己第一条留言','早茶月光',3,'嘻嘻'),('2016-11-13 19:13:30',NULL,NULL,NULL,'bin','chen',4,'~~'),('2016-11-14 09:49:52',NULL,NULL,NULL,'快点带女朋友回家！！！','我是你爸爸',5,'...默默的看着你'),('2016-11-14 12:27:02',NULL,NULL,NULL,'干巴爹哟','001',6,'嗯'),('2016-11-14 20:19:24',NULL,NULL,NULL,'看着飞机慢慢飞过~','我看着天空~~~~',7,'。。。'),('2016-11-14 20:51:39',NULL,NULL,NULL,'甘靓仔又甘叻仔。','998',8,'嘻嘻'),('2016-11-14 21:04:47',NULL,NULL,NULL,'博主好帅！','敬民陈',9,'没有啦，你更帅'),('2016-11-14 21:28:35',NULL,NULL,NULL,'(｡ì _ í｡)想学','韩',10,'加油，肯定能学会的，不难，干巴爹~~'),('2016-11-15 09:32:03',NULL,NULL,NULL,'我是傻逼','冯业佳',11,'...看来要限定关键字输入才行..............'),('2016-11-16 00:23:31',NULL,NULL,NULL,'网站很有特色~~顺便帮我改改友链，直接https://blog.vg就行了，谢谢啦','wslsq',12,'嗯嗯'),('2016-11-16 10:54:18',NULL,NULL,NULL,'好厉害的样子.  我完全没有逻辑做网站（沮丧脸）','风停雨落',13,'哈哈，我也是瞎折腾做出来的~~'),('2016-11-16 12:40:26',NULL,NULL,NULL,'可以下济甘哦','你大佬',14,'小小啦~'),('2016-11-17 10:00:31',NULL,NULL,NULL,'回访！你这留言也是够了~','sendtion',15,'哈哈~~~'),('2016-11-17 13:24:13',NULL,NULL,NULL,'网站风格不错啊，眼前一亮_(•̀ω•́ 」∠)_','兰陵',16,'你的也不错~~'),('2016-11-17 19:38:52',NULL,NULL,NULL,'666','111',17,'333'),('2016-11-17 22:36:51',NULL,NULL,NULL,'好看，','Oceano',18,'>..<'),('2016-11-19 08:58:36',NULL,NULL,NULL,'老哥，稳！','【表情】',19,'？…！'),('2016-11-20 09:18:24',NULL,NULL,NULL,'博主可以发下这个网站的制作源码吗，如css等，很想学啊，很佩服你，谢谢。3168288858@qq.com','CZS',20,'可以的哟~，迟点给你，仅供参考，嘻嘻'),('2016-11-21 15:38:35',NULL,NULL,NULL,'老哥，稳！','【表情】',21,'这位小伙伴，你想要表达什么呢？◑▂◐'),('2016-11-21 16:41:16',NULL,NULL,NULL,'很喜欢。','czh',22,'喜欢就多来听听音乐O(∩_∩)O'),('2016-11-21 16:42:48',NULL,NULL,NULL,'之前也是学安卓的,可惜没坚持下去,变成php','无言以对',23,'喜欢什么就学什么*^o^*'),('2016-11-21 17:02:47',NULL,NULL,NULL,'11111','111',24,'数字的含义不懂…'),('2016-11-22 00:23:25',NULL,NULL,NULL,'很不错哦','光',25,'嘻嘻~'),('2016-11-23 03:20:15',NULL,NULL,NULL,'55555','55',26,'再这样就把你拉出去砍了@。@'),('2016-11-22 00:23:44',NULL,NULL,NULL,'??????','',27,'名字什么的不要空格噢~~~'),('2016-11-23 07:57:38',NULL,NULL,NULL,'小伙伴们不要在我这里重复写大量写留言，这会让我很头疼的，我后台有记录留言时间和留言ip的噢','早茶月光',28,''),('2016-11-24 19:00:11',NULL,NULL,NULL,'厉害厉害','德国',29,'嘻嘻'),('2016-11-24 16:30:35',NULL,NULL,NULL,'体验好差','肥佳',30,'有些地方兼容还是有错误，，，我会努力优化的'),('2016-11-24 16:31:22',NULL,NULL,NULL,'好high','佳佳',31,'high就好^.^'),('2016-11-24 18:32:05',NULL,NULL,NULL,'地方大幅度','llll',32,'不明所以。。。。。'),('2016-11-24 18:56:20',NULL,NULL,NULL,'加油，可以的，很好的起步','小新路过',33,'嗯嗯！'),('2016-11-24 19:03:08',NULL,NULL,NULL,'厉害了','oyo',34,'嘻嘻'),('2016-11-24 19:07:55',NULL,NULL,NULL,'看到了几个错别字，话说回来，有种想抄你网站的冲动......','搬运工',35,'赞成你的想法，嘻嘻'),('2016-11-24 19:03:31',NULL,NULL,NULL,'厉害哦，我的哥','HarEvil',36,'。。。。'),('2016-11-24 21:10:05',NULL,NULL,NULL,'厉害了，8班大神你好','yio',37,'不敢当。。。'),('2016-11-24 21:42:14',NULL,NULL,NULL,'自己给自己评论','早茶月光',38,''),('2016-11-24 21:10:22',NULL,NULL,NULL,'?????3?o????8??-?','',39,'名字什么的不要空格噢~~'),('2016-11-26 11:15:16',NULL,NULL,NULL,'厉害','帕克',40,'O(∩_∩)O'),('2016-11-25 16:08:02',NULL,NULL,NULL,'很好哇，大赞！','md',41,'嗯嗯！'),('2016-11-27 20:22:40',NULL,NULL,NULL,'我要黑我要黑网站','大神',42,'不会来真的吧，，赶紧备份去了~~'),('2016-11-27 20:30:40',NULL,NULL,NULL,'好厉害的样子','布丁',43,'>.<'),('2016-11-29 10:42:27',NULL,NULL,NULL,'至少可以防止SQL注入[哈哈]','千千',44,'貌似是，哈哈'),('2016-11-28 02:32:19',NULL,NULL,NULL,'厉害','帕克',45,'。。。'),('2016-11-29 10:38:54',NULL,NULL,NULL,'哇！这样的样式好炫酷唉','千千',46,'你的二次元风格也不错　>.<'),('2016-11-29 22:10:57',NULL,NULL,NULL,'我也是做app爱好者，加qq详谈不？3474007314，注明一下','小青蛙',47,'嗯嗯'),('2016-11-29 11:49:32',NULL,NULL,NULL,'同学可以留个微信吗','老D',48,'QQ吧，1058089377'),('2016-12-01 12:52:29',NULL,NULL,NULL,'这网站的风格喜欢，收藏了','wasd',49,'那就多来转转，^.^'),('2016-11-30 04:32:10',NULL,NULL,NULL,'厉害','帕克',50,'。。。。'),('2016-12-02 15:28:49',NULL,NULL,NULL,'发呆半小时喵','香菇',51,'一起发呆o.o'),('2016-12-10 05:17:12',NULL,NULL,NULL,'很不错。','少司命',52,'阁下可是阴阳家的少司命..........?'),('2016-12-02 15:29:05',NULL,NULL,NULL,'??????????','',53,'不理你了....'),('2016-12-04 10:36:34',NULL,NULL,NULL,'网站右键有新的东西来袭   >.<','早茶月光',54,''),('2016-12-04 16:50:46',NULL,NULL,NULL,'哈哈，师兄 我又来了','608',55,'多来 ~~~'),('2016-12-04 17:16:46',NULL,NULL,NULL,'可以加个友链不， 追梦人 勿忘初心，方得始终 http://www.aoeiun.cn/ 网站logo：http://www.aoeiun.cn/wp-cont',' 追梦人',56,'已添加，^.^'),('2016-12-04 19:40:05',NULL,NULL,NULL,'网站右键有新的东西来袭 >.<','早茶月光',57,''),('2016-12-05 00:15:23',NULL,NULL,NULL,'我来了。','it随笔',58,'来了就好~~~~~'),('2016-12-16 12:24:46',NULL,NULL,NULL,'厉害','cat*9',59,'哈哈'),('2016-12-11 18:38:13',NULL,NULL,NULL,'QWQ....羡慕你们会代码的人','猎风',60,'学学就会了'),('2016-12-12 01:31:07',NULL,NULL,NULL,'很不错。','少司命',61,'。。。'),('2016-12-12 07:41:57',NULL,NULL,NULL,'很不错。','少司命',62,'你走.....'),('2016-12-14 02:11:23',NULL,NULL,NULL,'很不错。','少司命',63,'。。。'),('2016-12-14 07:26:31',NULL,NULL,NULL,'很不错。','少司命',64,'。。。'),('2016-12-17 16:20:16',NULL,NULL,NULL,'博主的网站听特别的呀、、、','上海seo小赛',65,'哈哈，有错别字了~~~'),('2016-12-18 21:03:47',NULL,NULL,NULL,'路过路过~网站好有创意呢~','桂叶君',66,'哈哈～～，表示我是模仿大神的风格的哦～～～'),('2016-12-17 18:48:41',NULL,NULL,NULL,'太喜欢你网站的风格了,  背景音乐也是赞','洋洋',67,'谢谢支持~~~~'),('2016-12-19 00:36:02',NULL,NULL,NULL,'太喜欢你网站的风格了,  背景音乐也是赞','洋洋',68,'喜欢就好'),('2016-12-24 10:45:17',NULL,NULL,NULL,'平安夜快乐~','千千',69,'你也一样~'),('2017-01-04 10:27:11',NULL,NULL,NULL,'您这网站风格...','灰太狼',70,'感觉好诡异？？？？、'),('2016-12-25 10:28:45',NULL,NULL,NULL,'厉害呀','蔡立坤',71,'然而并没有。。。。'),('2016-12-25 10:58:31',NULL,NULL,NULL,'评论界面有点难看唉','Jonjs',72,'哈哈，还请多指教'),('2016-12-25 23:17:20',NULL,NULL,NULL,'平安夜快乐~','千千',73,'快乐快乐～'),('2016-12-26 00:37:44',NULL,NULL,NULL,'平安夜快乐~','千千',74,'快乐快乐～'),('2016-12-28 21:21:14',NULL,NULL,NULL,'回访回访，最近好忙啊。','it随笔',75,'me too'),('2016-12-29 21:45:25',NULL,NULL,NULL,'第一次进来，一时接受不了这种主题！','逆时针',76,'心里一万只小鹿在撞......'),('2017-01-08 19:24:33',NULL,NULL,NULL,'嘉兴的么','milk',77,'猜错了~'),('2017-01-04 10:28:21',NULL,NULL,NULL,'php?id=1','灰太狼',78,'一直都没对域名做点什么，别介意~~'),('2017-01-04 10:29:32',NULL,NULL,NULL,' 欢迎回访 www.wangjianxin.top  ','灰太狼',79,'好的'),('2017-01-08 12:11:49',NULL,NULL,NULL,'网站越来越炫啦','敬民陈',80,'一直这样，从未改变~，是你的错觉*罒▽罒*'),('2017-01-13 13:13:50',NULL,NULL,NULL,'我来啦，我已经添加友情链接了。网站确实要做一些加速的，我已经启用.Memcached ','半夏',81,'嗯嗯，~~~'),('2017-01-10 19:56:08',NULL,NULL,NULL,'有创意','顾念文笔博客',82,'阿里噶多~~~~'),('2017-01-19 15:05:06',NULL,NULL,NULL,'文章为啥不加个点赞功能','路过',83,'点赞什么的还是不能弄了，万一没人赞我，我会很不开心的~~*.*'),('2017-01-17 21:54:55',NULL,NULL,NULL,'你干得其实很不错的。挺漂亮的。哈哈。。','迅恰',84,'阿里噶多~'),('2017-01-22 08:55:18',NULL,NULL,NULL,'豆腐干 ','官方',85,'٩(๑`н´๑)۶'),('2017-01-22 00:32:31',NULL,NULL,NULL,'','С',86,'来自安徽省安庆市望江县 电信'),('2017-01-23 05:10:15',NULL,NULL,NULL,'xBFxC9xD2xD4xBCxD3xD3xD1xC1xB4xB</br>2xBBwww.19950309.com',',,,',87,'阁下要表达什么？ (∪｡∪)｡｡｡zzz'),('2017-01-23 10:51:14',NULL,NULL,NULL,'厉害','星期天',88,'(๑^ں^๑)'),('2017-01-25 23:16:31',NULL,NULL,NULL,'留言板看的有点费力→_→','雪纷飞',89,'等哪天心血来潮，写个二次元风格的网站，感觉你们的很漂亮，喋嘶~~'),('2017-01-23 22:10:51',NULL,NULL,NULL,'’‘”“”’‘’‘’‘’‘’','撒旦',90,'凸( •̀_•́ )凸'),('2017-02-03 20:46:26',NULL,NULL,NULL,'这么细腻，想必是个妹纸吧，很棒','konmin',91,'⊙▂⊙'),('2017-01-26 16:12:45',NULL,NULL,NULL,'博客太丧心病狂了','月宅',92,'即使你这么说，我也不会承认哒๑乛◡乛๑'),('2017-01-27 14:30:00',NULL,NULL,NULL,'祝你新春快乐~~嘻嘻(✿ ◕‿◕) ᓄ✂╰U╯','神楽坂雅詩',93,'感动ing~~~~'),('2017-01-27 17:33:43',NULL,NULL,NULL,'新年快乐','Small color',94,'恩恩，你也是~~'),('2017-01-28 10:11:17',NULL,NULL,NULL,'新年快乐哦~~','雪纷飞',95,' 新年快乐~~(*＾-＾*)'),('2017-01-29 09:38:20',NULL,NULL,NULL,'新年快乐，我是通过雪纷飞博客找到你的网站，你的网站设计有点与众不同。最后说句友联互换  www.moeali.com 要设置网站图标哦','Moe Tanuki',96,'(●￣(ｴ)￣●) 已加友链~'),('2017-01-29 09:56:57',NULL,NULL,NULL,'新年快乐吖～网站越来越触了','苹果',97,'O(∩_∩)O嗯!'),('2017-01-31 13:31:50',NULL,NULL,NULL,'博客又键那个建议做个预加载，不然刚开始的时候按右键会卡一下','Smallcolor',98,'好建议~，晚上去琢磨一下，谢啦o(*≧▽≦)ツ'),('2017-01-31 21:24:07',NULL,NULL,NULL,'突然多了开场动画(⊙ˍ⊙)','香菇',99,'哈哈，都写了很久了||ヽ(*￣▽￣*)ノミ|Ю'),('2017-02-05 20:24:50',NULL,NULL,NULL,'博主求源码 619990132@qq.com 可以加你好友吗 不方便发的话加我也行 我想请教一下你怎么建站','1',100,'已加'),('2017-02-14 16:23:33',NULL,NULL,NULL,'test','test',101,'Demo'),('2017-02-07 22:54:55',NULL,NULL,NULL,'我同学说他同学自己做了个网站很不错，所以来了','陌路人',102,'感谢到访o(*≧▽≦)ツ'),('2017-02-08 15:45:53',NULL,NULL,NULL,'网站做的很有趣！（PS：大神有时间的话，写一点入门教程呗！）——一只萌新','咕咚',103,'(´⊙ω⊙`)！'),('2017-02-11 11:54:41',NULL,NULL,NULL,'大神你好，请问整站都是自己手写的代码还是套用了模板？哪种模板？好棒啊你这个','罗俊',104,'没有套用模板哦，代码都是自己写哒o(*≧▽≦)ツ'),('2017-02-11 15:55:57',NULL,NULL,NULL,'那请问你blog处是怎么回事呢？我也想弄个博客，但是不知道文章处怎么弄，在哪写文章，写了如何传上去不懂','luo',105,'自己写个后台文件就可以上传到数据库了ᕕ( ՞ ᗜ ՞ )ᕗ'),('2017-02-11 17:16:46',NULL,NULL,NULL,'博主交换友链： http://blog.lcblues.cn 你的我已经加了！！！','Liu',106,'已加'),('2017-02-15 15:41:49',NULL,NULL,NULL,'嗨。博主能否加个友链，我是【个站商店】 http://psweb.store','星球彦',107,'很喜欢你的站๑乛◡乛๑'),('2017-02-24 08:30:41',NULL,NULL,NULL,'到此一游～','OLIVE',108,'小心溺水....'),('2017-02-21 15:55:35',NULL,NULL,NULL,'博主能否加个友链， http://dafeiyu.cn   之前加过的','dafeiyu',109,'加了，名字“dafeiyu部落格”，你要给名字就说声，嘻嘻，友链的顺序是随机的o(*≧▽≦)ツ'),('2017-02-22 12:30:16',NULL,NULL,NULL,'这个博客真的好炫酷啊！XD','蔡锶铎',110,'ᕙ(⇀‸↼‶)ᕗ'),('2017-02-24 05:11:53',NULL,NULL,NULL,'向你学习','666',111,'一起凸( •̀_•́ )凸'),('2017-02-24 15:03:40',NULL,NULL,NULL,'还行，就是有点粗糙，加油','放马塞北江南',112,'同感，有点嫌弃了，有时间再弄(,,Ծ‸Ծ,, )'),('2017-02-24 08:36:30',NULL,NULL,NULL,'这么细腻，想必是个妹纸吧，很棒','Monkey.D.Luffy',113,'你猜~~~'),('2017-02-24 18:00:01',NULL,NULL,NULL,'你好','Jack',114,'you too...'),('2017-02-25 10:25:28',NULL,NULL,NULL,'哥哥做的网站真给力','清鸢',115,'过奖了。。。'),('2017-02-24 19:16:18',NULL,NULL,NULL,'666，大兄弟你很强啊，这个个人主页怎么搞到？求教','涛',116,'...就写，写，然后就写出来了'),('2017-02-25 10:54:26',NULL,NULL,NULL,'你好站长，我觉得这样的风格比较像汉子~~被打开页面的瞬间震撼了。','薰河灿烂',117,'恭喜你猜对了，哈哈'),('2017-02-25 23:30:21',NULL,NULL,NULL,'hello','hello',118,'hi *^_^*'),('2017-03-10 22:19:57',NULL,NULL,NULL,'很不错','大司命',119,'............'),('2017-03-03 16:30:38',NULL,NULL,NULL,'感觉博主是一个很有情调的人啊啊啊><','年糕君',120,'我只是键盘侠...'),('2017-03-03 20:15:30',NULL,NULL,NULL,'灵魂笔记更换域名，麻烦更新下链接信息 【友链标题】:奈何 【友链网址】:http://www.198804.cn/ 【友链描述】:心若不动，风又奈何。','奈何',121,'已经改了，不过我还是觉得 灵魂笔记 好听 ， 哈哈(⁰ ◕〜◕ ⁰)'),('2017-03-13 14:21:55',NULL,NULL,NULL,'666没毛病','小烂崽',122,' 有的，只是你我都没发现而已，嘻嘻'),('2017-03-14 23:47:10',NULL,NULL,NULL,'博客太酷炫了。。。。','胡博靖',123,'听了你这么说估计我会happy的睡不着'),('2017-03-13 21:57:35',NULL,NULL,NULL,'在网站标题旁边在加一个小图标就完美了！加个小孩子类的图标！','萨瓦迪卡',124,'为什么是小孩？.....呢'),('2017-03-15 19:22:00',NULL,NULL,NULL,'博主太屌了~~~','翔',125,'的确挺屌.....丝的 ᕙ(⇀‸↼‶)ᕗ'),('2017-03-15 00:00:41',NULL,NULL,NULL,'啊，nb','yaoyuan',126,'๑乛◡乛๑'),('2017-03-15 09:11:46',NULL,NULL,NULL,'有罪恶才能活的更过瘾,哈哈哈有道理','jone',127,'别信我的鬼话，很容易出事的 o(*≧▽≦)ツ'),('2017-03-16 17:10:10',NULL,NULL,NULL,'卧槽(☉д⊙)，这是我见过最有特色的网站','路人甲',128,'@( ◕ x ◕ )@ 嘻嘻'),('2017-03-16 02:17:48',NULL,NULL,NULL,'漂亮，背景音乐也不错，我单曲循环了很久','暗夜',129,'(✿ ◕‿◕) ᓄ✂╰U╯'),('2017-03-21 04:25:37',NULL,NULL,NULL,'情不知所起，一往而情深。恨没明怎来，一痛即长眠！','为丶你',130,'这是告白的节奏 ๑乛◡乛๑'),('2017-04-10 16:38:55',NULL,NULL,NULL,'发电公司','沙发',131,'@( ◕ x ◕ )@'),('2017-03-22 22:27:44',NULL,NULL,NULL,'咦？以前的BGM不见惹','香菇',132,'因为某种原因挂掉了....现在才发现，迟点修复它。o(*≧▽≦)ツ'),('2017-03-26 22:51:54',NULL,NULL,NULL,'师兄好','G1608小白',133,'你好'),('2017-04-15 15:29:00',NULL,NULL,NULL,'早上  止 上映是早班','下雨一',134,'虽然我尝试想知道这是什么意思，不过还是算了░ ∗ ◕ ں ◕ ∗ ░'),('2017-05-08 23:45:26',NULL,NULL,NULL,'你的评论这块是自己写的吗？','胡博靖',135,'嗯，除了开头的动画欢迎是插件，其他都是自己代码写的，说好了优化，我压根就没弄过，哈哈，不想弄了，心血来潮之时再搞了'),('2017-04-20 14:10:54',NULL,NULL,NULL,'nice','很不错',136,'thanks'),('2017-05-17 10:55:05',NULL,NULL,NULL,'真的是666，太棒了，只是黑绿搭配，有些压抑感。','Swiftfrog',137,'_嘻嘻（*＾-＾*）'),('2017-05-13 01:20:30',NULL,NULL,NULL,'好酷的网站！！！！！！！','QL',138,'那就多来哈V●ᴥ●V'),('2017-05-18 00:25:31',NULL,NULL,NULL,'感覺可以先做個 RWD 啊，要不然手機看得好痛苦 不過整體風格倒是還不錯','鳥祐',139,'谢谢你的建议，我现在在重新写这个了，不过要点时间，哈哈'),('2017-05-19 13:20:58',NULL,NULL,NULL,'bgm很好听= =','匆匆丶CC',140,'You'),('2017-05-30 11:17:53',NULL,NULL,NULL,'大道至简，不是吗？','西北',141,'或许吧'),('2017-06-13 00:39:09',NULL,NULL,NULL,'歌曲很好听，多点更新QAQ，加油！','Miyuu',142,'甚是感动(╥╯^╰╥)'),('2017-06-14 12:48:32',NULL,NULL,NULL,'看到你逐渐有自己特点了，加油','过客',143,'who are you >? 嘻嘻'),('2017-06-16 11:48:22',NULL,NULL,NULL,'很不错的博客    帅气','小忆',144,'嗯嗯o(*≧▽≦)ツ'),('2017-06-24 00:36:14',NULL,NULL,NULL,'可以的小伙子','路人A',145,'嘎嘎'),('2017-07-03 22:49:41',NULL,NULL,NULL,'能不能给我模板，我也搭建一个，太帅了','在啊啊啊啊啊',146,'可以的哟'),('2017-07-09 09:20:49',NULL,NULL,NULL,'这个博客有个性，博主厉害','不才',147,'啊哈~'),('2017-07-21 11:02:40',NULL,NULL,NULL,'博主，很喜欢你的博客主题，最近准备建个网站，能否发个博客源码，参考一下，谢谢啊，真心喜欢，赞！2316669890@qq.com','似水流年',148,'发了~·~'),('2017-08-02 20:12:40',NULL,NULL,NULL,'推到现在才把视频播放的页面修复~·~~~','早茶月光',149,'...'),('2017-08-08 13:24:19',NULL,NULL,NULL,'是个有故事的人～','欣欣',150,'猜错了，并没有，嘻嘻~~~'),('2017-08-16 21:15:43',NULL,NULL,NULL,'有些人啊，光是遇到了就花光了所有的运气，更谈什么','渡桥',151,'或许吧'),('2017-08-19 19:08:10',NULL,NULL,NULL,'我把贵站的home.php拿走了，嘿嘿','梨子',152,'O(∩_∩)O哈哈~'),('2017-09-01 15:36:02',NULL,NULL,NULL,'怎么突然要关闭呢','冰雪冬樱',153,'总是会有理由的，哈哈，再回你已隔了三个月了'),('2017-12-03 18:17:12',NULL,NULL,NULL,'效果好棒~~~','蝉时雨',154,'嘻嘻，Thanks♪(･ω･)ﾉ'),('2017-12-08 15:12:49',NULL,NULL,NULL,'也能给我一份么，虽然这个要求很无耻，不过看到这么酷的，忍不住哈哈哈哈……','345446195@qq.com',155,'哈哈，这哪有无耻之说↖(^ω^)↗，现在不能给你,我还有其他页面都没写完，嘻嘻'),('2017-12-09 18:26:14',NULL,NULL,NULL,'网站很棒哦','Ven',156,'嘻嘻'),('2017-12-17 17:12:36',NULL,NULL,NULL,'在吗','迷茫',157,'你猜'),('2017-12-18 13:41:12',NULL,NULL,NULL,'可以把源码发给我吗 虽然很不好，但还是想要 - -','迷茫',158,'我写的乱七八糟的，哈哈'),('2017-12-22 23:12:43',NULL,NULL,NULL,'求加大神QQ，求赐教','KANON',159,'并不是大神的说，只要你想做，你都能做出来的，嘻嘻'),('2017-12-23 17:57:37',NULL,NULL,NULL,'开场怎么做的啊','xxx',160,'在网上搜搜就有相应的插件了,嘻嘻'),('2017-12-25 13:10:56',NULL,NULL,NULL,'圣诞快乐哦，嘻嘻','文曦',161,'<(*￣▽￣*)/'),('2017-12-27 12:31:15',NULL,NULL,NULL,'是的是的是的是的','123123',162,'你是来测试的吗？<(*￣▽￣*)/'),('2017-12-27 13:21:01',NULL,NULL,NULL,'点库','有',163,'嗯嗯，我赞同你的说法'),('2017-12-28 16:33:54',NULL,NULL,NULL,'博主，很喜欢你的博客主题，很有个性，能否发个博客源码，参考一下，感谢瞄，太酷了！54298415@qq.com','sJun',164,'没写玩，后台还在写，我现在都是通过数据库命令来回复的，一个手抖又全部数据都覆盖了'),('2018-01-01 17:25:47',NULL,NULL,NULL,'新的一年啦，要每天开开心心哦','文曦',165,'嗯嗯，你也一样ㄟ(≧◇≦)ㄏ'),('2018-01-02 17:57:21',NULL,NULL,NULL,'模板太酷了，话说像日志的风格。背景音乐也很好听嘛~今天我要先来水一发~','summerlemon',166,'谢谢~，这就是日常博客而已，哈哈'),('2018-01-02 22:41:13',NULL,NULL,NULL,'请把我的友链https://ikmoe.com更新为http://ikmoe.com 谢谢','月娘',167,'嗯呢，已经改了'),('2018-01-03 11:54:25',NULL,NULL,NULL,'话说你这个留言多的可怕啊，才一天时间，从我的上一条留言开始，就新出现了许多的留言。emmm~这只能说明你的博客的访客好多好多~','summerlemon',168,'其实不多的，也不是很在意，毕竟只是玩玩而已'),('2018-01-04 11:46:58',NULL,NULL,NULL,'我很想和大神好好学学，能求加大神微信/QQ吗','KANON',169,'...'),('2018-01-04 23:39:26',NULL,NULL,NULL,'前端水平不错哦','abcmoisdu',170,'哈哈'),('2018-01-07 16:21:31',NULL,NULL,NULL,'我又来了，弄好了么网站，这个是基于什么改的啊','345446195@qq.com',171,'纯手写'),('2018-01-07 21:49:15',NULL,NULL,NULL,'自己学了多长时间啊','YZ',172,'时间不长，看看文档就好了'),('2018-02-02 20:51:38',NULL,NULL,NULL,'顺着链接过来了，然后发现这里好高端，好神秘啊，感觉自己进了黑客的世界～','咸鱼',173,'嘻嘻，这，这有点夸张了。。。'),('2018-02-23 23:03:17',NULL,NULL,NULL,'无意间进来的，感觉博主好有情调~','小熊猫',174,'其实没有的。。。'),('2018-02-27 14:08:02',NULL,NULL,NULL,'求教一下，进来的那个像动画一样的是怎么弄的吖？','影子先生',175,'那个是插件来的，你去网上搜搜就有了。'),('2018-03-04 02:19:00',NULL,NULL,NULL,'友情链接呀 www.lwjie.cn','小杰',176,'有时间把你加上去~'),('2018-03-29 17:04:49',NULL,NULL,NULL,'哇这个能把视频直接变成背景的样子实在是太酷了！！！超喜欢！！！','Nya',177,'喜欢多来~'),('2018-04-12 08:03:22',NULL,NULL,NULL,'厉害','厉害',178,'嘻嘻'),('2018-04-12 10:14:04',NULL,NULL,NULL,'我是学设计的，当然也网站设计，后来自学html和css，我该如何继续深入学习，才能做个差不多的个人网站呢？有没有什么学习方案推荐，在此谢过！','鸣海孝之',179,'我觉得 站酷 的设计不错，你可以去看看~~'),('2018-04-13 00:09:36',NULL,NULL,NULL,'<script>alert(\"111\")</script>','dsads',180,'一般框架都有转义的。。。少年，发这么多你不累么？'),('2018-04-13 22:21:24',NULL,NULL,NULL,'请问你这个网站描述是在哪设置的，我用meta设置描述没用。用百度搜索早茶月光看了下你的描述没问题而且排名也靠前','blue',181,'这个。。。其实我也不了解，可能放久了就会被搜到吧'),('2018-04-20 10:06:01',NULL,NULL,NULL,'来邻居家串个门','小狮子',182,'welcome~'),('2018-06-05 22:54:26',NULL,NULL,NULL,'终于又上线了，BGM走起','嬴冰',183,'还是旧版，新版断断续续，没什么时间写'),('2018-06-07 00:45:00',NULL,NULL,NULL,'博主也玩lol的？那两个cg不错~','啊哈哟',184,'都是从B站上拿下来的<(▰˘◡˘▰)>'),('2018-06-11 00:15:40',NULL,NULL,NULL,'我喜欢“滑动导航”？抽屉 ？第二个A的那个模块的特效。','雾仙',185,'嘎嘎，慕仙大大可帮我做好了？嘻嘻'),('2018-06-16 17:08:48',NULL,NULL,NULL,'特别喜欢这种像日历一样的归档方式','YIR',186,'哈哈，喜欢多来，在写第三版呢'),('2018-06-22 12:30:24',NULL,NULL,NULL,'常看看。哈哈','leftso',187,'嗯嗯'),('2018-06-25 01:17:35',NULL,NULL,NULL,'<script>alert(\"memeda\")</script>','memeda',188,'么么哒'),('2018-08-03 16:55:48','2018-08-03 16:55:48','1297075993@qq.com','http://wwww.zcmol.cn','带着一堆bug回来了~','早茶月光',203,'...'),('2018-08-03 17:51:02','2018-08-03 17:51:02','leelutian@163.com','https://ifover.top','●０●哇，这里好帅气的哇，感觉超酷~','咸鱼小姐',204,'我加你了^_^， 你之前的主题更好看，怎么换了'),('2018-08-03 17:51:02','2018-08-03 17:51:02','menhood@menhood.wang','menhood.wang','Cool！ ','援军',205,'O(∩_∩)O哈哈~'),('2018-08-03 17:51:02','2018-08-03 17:51:02','persilee@foxmail.com','https://lishaoy.net','好高级的博客，都不会玩了，哈哈（首页，日历是文章页吧，点进去咋都是空白，估计是我操作问题）','persilee',206,'真的是打不开，配置出错了...'),('2018-08-03 17:51:02','2018-08-03 17:51:02','hrinvay@gmail.com','https://rinvay.cc','厉害了！！！这个很新颖！！！','Rinvay',207,'(๑╹◡╹)ﾉ\"\"\"'),('2018-08-04 13:32:08','2018-08-04 13:32:08','leelutian@163.com','https://ifover.top','( ′◔ ‸◔`)咦~~~我都忘了我之前用了啥主题了','咸鱼小姐',208,'...');
/*!40000 ALTER TABLE `guestbook` ENABLE KEYS */;
UNLOCK TABLES;

--
-- Table structure for table `links`
--

DROP TABLE IF EXISTS `links`;
/*!40101 SET @saved_cs_client     = @@character_set_client */;
/*!40101 SET character_set_client = utf8 */;
CREATE TABLE `links` (
  `_hidden` tinyint(1) NOT NULL,
  `create_at` datetime NOT NULL,
  `change_at` datetime DEFAULT NULL,
  `id` int(11) NOT NULL AUTO_INCREMENT,
  `name` varchar(30) NOT NULL,
  `url` varchar(150) NOT NULL,
  `img` varchar(150) DEFAULT NULL,
  `desc` varchar(150) DEFAULT NULL,
  PRIMARY KEY (`id`)
) ENGINE=MyISAM AUTO_INCREMENT=33 DEFAULT CHARSET=utf8;
/*!40101 SET character_set_client = @saved_cs_client */;

--
-- Dumping data for table `links`
--

LOCK TABLES `links` WRITE;
/*!40000 ALTER TABLE `links` DISABLE KEYS */;
INSERT INTO `links` VALUES (0,'2018-07-03 23:18:54',NULL,1,'早茶月光','http://www.zcmol.cn',NULL,NULL),(1,'2018-07-03 23:18:54',NULL,2,'二次元的卷猫','http://www.anneke.cn/',NULL,NULL),(1,'2018-07-03 23:18:54',NULL,3,'风的记忆','http://sendtion.cn/',NULL,NULL),(0,'2018-07-03 23:18:54',NULL,4,'生如夏花','https://blog.vg',NULL,NULL),(0,'2018-07-03 23:18:54',NULL,5,'樱喵的部落格','http://howmoe.com/',NULL,NULL),(0,'2018-07-03 23:18:54',NULL,6,'兰陵の废宅基地','http://blog.thkira.com/',NULL,NULL),(0,'2018-07-03 23:18:54',NULL,7,'苹果\n\nMiku','http://applemiku.com/',NULL,NULL),(1,'2018-07-03 23:18:54',NULL,8,'卖萌喵~＞▽＜','http://www.guoguomiao.com/',NULL,NULL),(1,'2018-07-03 23:18:54',NULL,9,'siitake','http://siitake.cn/',NULL,NULL),(0,'2018-07-03 23:18:54',NULL,10,'奈  何','http://www.198804.cn/',NULL,NULL),(1,'2018-07-03 23:18:54',NULL,11,'萌狸博客','https://www.moeali.com/',NULL,NULL),(0,'2018-07-03 23:18:54',NULL,12,'左搜网','http://www.leftso.com/',NULL,NULL),(0,'2018-07-03 23:18:54',NULL,13,'该问酱','http://www.theask.cn/',NULL,NULL),(1,'2018-07-03 23:18:54',NULL,14,'空格之名','http://blog.jinkunchen.com/',NULL,NULL),(1,'2018-07-03 23:18:54',NULL,15,'雪纷飞\'BLOGS','https://www.xuefenfei.cc',NULL,NULL),(0,'2018-07-03 23:18:54',NULL,16,'初夏千秋','http://www.61cx.cn/',NULL,NULL),(0,'2018-07-03 23:18:54',NULL,17,'半夏小栈','https://www.banxia.me/',NULL,NULL),(1,'2018-07-03 23:18:54',NULL,18,'月宅酱','http://ikmoe.com',NULL,NULL),(0,'2018-07-03 23:18:54',NULL,19,'空樱酱~','https://kotori.love/',NULL,NULL),(0,'2018-07-03 23:18:54',NULL,20,'⊿叶之色☆～','http://leaful.com/',NULL,NULL),(0,'2018-07-03 23:18:54',NULL,21,'神楽坂雅詩','https://yoooooooooo.com/',NULL,NULL),(0,'2018-07-03 23:18:54',NULL,22,'若是凉夜已成梦','https://www.dreamwings.cn/',NULL,NULL),(0,'2018-07-03 23:18:54',NULL,23,'胡博靖\'Blogs','http://hubojing.github.io/',NULL,NULL),(0,'2018-07-03 23:18:54',NULL,24,'个站商店','http://storeweb.cn/',NULL,NULL),(1,'2018-07-03 23:18:54',NULL,25,'萌站导航·次元导航','http://yushuichi.top/',NULL,NULL),(1,'2018-07-03 23:18:54',NULL,26,'甜菜欣欣^_^','http://tcxx.info/',NULL,NULL),(1,'2018-07-03 23:18:54',NULL,27,'雨落泪尽','https://1000yun.cn/',NULL,NULL),(0,'2018-07-03 23:18:54',NULL,28,'文曦の猫窝','http://venxi.me/',NULL,NULL),(1,'2018-07-03 23:18:54',NULL,30,'嬴冰博客','http://www.win-ice.xin/',NULL,NULL),(0,'2018-08-04 12:43:00',NULL,32,'咸鱼小姐(づ￣ 3￣)づ','https://ifover.top',NULL,NULL);
/*!40000 ALTER TABLE `links` ENABLE KEYS */;
UNLOCK TABLES;

--
-- Table structure for table `motto`
--

DROP TABLE IF EXISTS `motto`;
/*!40101 SET @saved_cs_client     = @@character_set_client */;
/*!40101 SET character_set_client = utf8 */;
CREATE TABLE `motto` (
  `_hidden` tinyint(1) NOT NULL,
  `create_at` datetime NOT NULL,
  `change_at` datetime DEFAULT NULL,
  `id` int(11) NOT NULL AUTO_INCREMENT,
  `content` varchar(500) NOT NULL,
  `author` varchar(50) NOT NULL,
  PRIMARY KEY (`id`)
) ENGINE=MyISAM AUTO_INCREMENT=40 DEFAULT CHARSET=utf8;
/*!40101 SET character_set_client = @saved_cs_client */;

--
-- Dumping data for table `motto`
--

LOCK TABLES `motto` WRITE;
/*!40000 ALTER TABLE `motto` DISABLE KEYS */;
INSERT INTO `motto` VALUES (0,'2016-09-11 00:00:00',NULL,1,'我们要有最朴素的生活，与最遥远的梦想 。 \r\n即使明日天寒地冻，路远马亡。','七堇年  《尘曲》'),(0,'2016-10-05 00:00:00',NULL,4,'无奈的是，语言这东西，在表达爱意的时候如此无力；在表达伤害的时候，却又如此锋利.','七堇年  《被窝是青春的坟墓》'),(0,'2016-09-22 00:00:00',NULL,3,'你我之间如七律古诗，你挥笔定了首联，我得削砍了我的意志以求对仗你的平仄、意境，末了还要为你压韵。','七堇年  《尘曲》'),(0,'2016-11-15 00:00:00',NULL,5,'做学生的时候，身是不自由的，但心却很自由，有多远梦多远。而今，身是自由的，但心已经无法自由。有多少梦，就有多远。','七堇年'),(0,'2016-12-31 00:00:00',NULL,6,'你以为我贫穷、相貌平平就没有感情吗？我向你起誓：如果上帝赐予我财富和美貌，我会让你难于离开我，就像我现在难于离开你一样。上帝没有这样安排。但我们的精神是平等的。就如同你我走过坟墓，平等的站在上帝面前。','夏洛特·勃朗特 《简·爱》'),(0,'2017-01-02 00:00:00',NULL,7,'我越是孤独，越是没有朋友，越是没有支持，我就得越尊重我自己。','夏洛特·勃朗特 《简·爱》'),(0,'2017-01-19 00:00:00',NULL,8,'生命太短暂了，没时间恨一个人那么久。 \r\nLife is too short to continue hating anyone for a long time.','夏洛特·勃朗特 《简·爱》'),(0,'2017-02-02 00:00:00',NULL,9,'傲慢让别人无法来爱我，偏见让我无法去爱别人。','简·奥斯汀 《傲慢与偏见》'),(0,'2017-02-15 00:00:00',NULL,10,'骄傲多半不外乎我们对我们自己的估价，虚荣却牵涉到我们希望别人对我们的看法。','简·奥斯汀 《傲慢与偏见》'),(0,'2017-03-03 22:23:12',NULL,11,'女人的欲望如果明确，就像一个几何体，哪怕形状再刁钻，也总有一个容器盛得下。就怕康敏这样，她的欲望像是在做夸克运动，不断变化，没有规律，永不停息。','六神磊磊  《你我皆凡人》'),(0,'2017-03-25 00:00:00',NULL,12,'岁月不会饶过任何一个人，只不过方式不同而已。','s·j·沃 《别相信任何人》'),(0,'2017-04-02 00:00:00',NULL,13,'我不能有野心。我想要的不过是正常人的生活，像其他人一样活着，一点一点地累积着经历，每一天塑造着未来。我想成长，想学习，从各种经历中学习。','s·j·沃 《别相信任何人》'),(0,'2017-04-08 00:00:00',NULL,14,'明天醒来时我会跟今天早上一样，以为自己还是个小孩，以为还有一生的时间去作出各种选择。然后我会再一次地发现我错了。我早已作出了选择，前半生已经过去了。\r\n','s·j·沃 《别相信任何人》'),(0,'2017-04-09 00:00:00',NULL,15,'我们总在不断地修改事实、改写历史好让事情变得更容易，让他们符合我们偏爱的版本。我们是不由自主地这么做的。我们不假思索地虚构回忆。如果我们经常告诉自己有些事情，到了一定时候我们会开始相信它，接着它就真的成了我们的回忆。','s·j·沃 《别相信任何人》'),(0,'2017-04-28 00:00:00',NULL,16,'For you，a thousand times over. \r\n为你，千千万万遍。','卡勒德·胡赛尼《追风筝的人》'),(0,'2017-05-02 00:00:00',NULL,17,'时间很贪婪——有时候，它会独自吞噬所有的细节。','卡勒德·胡赛尼《追风筝的人》'),(0,'2017-05-05 00:00:00',NULL,18,'被真相伤害总比被谎言欺骗的好,得到了再失去，总是比从来就没有得到更伤人。','卡勒德·胡赛尼《追风筝的人》'),(0,'2017-05-10 00:00:00',NULL,19,'许多年过去了，人们说陈年旧事可以被埋葬，然而我终于明白这是错的，因为往事会自行爬上来。','卡勒德·胡赛尼《追风筝的人》'),(0,'2017-06-13 00:00:00',NULL,20,'作为一个词语，“ 活着”在我们中国的语言里充满了力量，它的力量不是来自于喊叫，也不是来自于进攻，而是忍受，去忍受生命赋予我们的责任，去忍受现实给予我们的幸福和苦难、无聊和平庸。','余华 《活着》'),(0,'2017-06-18 00:00:00',NULL,21,'没有什么比时间更具有说服力了，因为时间无需通知我们就可以改变一切。','余华 《活着》'),(0,'2017-07-27 00:00:00',NULL,22,'世界说大很大,说小很小，大到走了那么久, 还没跟对的人相遇， 小到围着喜欢的人绕一圈,就看到了全世界。 我与世界只差一个你。','张皓宸 我与世界只差一个你》'),(0,'2018-08-01 00:00:00',NULL,23,'我与世界只差一个你，因为是你，晚一点没关系。\r\n','张皓宸 我与世界只差一个你》'),(0,'2017-09-12 00:00:00',NULL,24,'人生由淡淡的悲伤和淡淡的幸福组成，在小小的期待、偶尔的兴奋和沉默的失望中度过每一天，然后带着一种想说却又说不出来的‘懂’，做最后的转身离开。','龙应台 《目送》'),(0,'2018-09-15 00:00:00',NULL,25,'有些事，只能一个人做。有些关，只能一个人过。有些路啊，只能一个人走。','龙应台 《目送》'),(0,'2018-09-21 00:00:00',NULL,26,'太疼的伤口，你不敢去触碰；太深的忧伤，你不敢去安慰；太残酷的残酷，有时候，你不敢去注视。','龙应台 《目送》'),(0,'2018-09-18 00:00:00',NULL,27,'所谓了解，就是知道对方心灵最深的地方的痛处，痛在哪里。','龙应台 《目送》'),(0,'2017-11-08 00:00:00',NULL,28,'我希望你毕业后，先去你想去的地方，再去你该去的地方。我希望你能在最好的时光里，做最心甘情愿的事。','尹文思《因为有梦 所以远方》'),(0,'2018-11-09 00:00:00',NULL,29,'没有一个人可以在最初尝试的时候成功绕开那些所谓“坏”的体验，而只经历好的。你尝试的目的就是为了分清好坏，所以也只有试过之后才知道。然后，你就像修剪花枝，剪去枯萎的，留下美丽的，让你的生命更加丰富和坚韧。','尹文思《因为有梦 所以远方》'),(0,'2017-12-29 00:00:00',NULL,30,'There is not love of life without despair about life. \r\n没有对生活绝望，就不会爱生活。\r\n','阿尔贝·加缪《局外人》'),(0,'2018-01-03 00:00:00',NULL,31,'我已经没有时间去对我不感兴趣的事情再产生兴趣。','阿尔贝·加缪《局外人》'),(0,'2018-01-17 00:00:00',NULL,32,'日子，过起来当然就长，但是拖拖拉拉，日复一日，年复一年，最后就混淆成了一片。每个日子都丧失了自己的名字。对我来说，只有“昨天”与“明天”这样的字，才具有一定的意义。','阿尔贝·加缪《局外人》'),(0,'2018-02-10 00:00:00',NULL,33,'我们很少信任比我们好的人，宁肯避免与他们来往。相反，我们常对与我们相似、和我们有着共同弱点的人吐露心迹。我们并不希望改掉弱点，只希望受到怜悯与鼓励。','阿尔贝·加缪《局外人》'),(0,'2018-03-28 00:00:00',NULL,34,'从结尾开始讲一个故事，似乎颇为奇怪。但是所有的结局亦是开端。我们只是当时不知道而已。','米奇·阿尔博姆《你在天堂里遇见的五个人》'),(0,'2018-04-05 00:00:00',NULL,35,'如果你是一个被遗弃的人，那么，一块朝你扔过来的石头，都可能是让你珍惜的东西','米奇·阿尔博姆《你在天堂里遇见的五个人》'),(0,'2018-04-11 00:00:00',NULL,36,'我们每一个人都会影响到另一个人，另一个人又会影响到下一个人，世界上充满了各式各样的故事，但是，所有的故事都连成了一个故事。','米奇·阿尔博姆《你在天堂里遇见的五个人》'),(0,'2018-05-30 00:00:00',NULL,37,'一个人记得事情太多真不幸，知道事情太多也不幸，体会到太多事情也不幸。','沈从文《边城》'),(0,'2018-06-02 00:00:00',NULL,38,'水是各处可流的，火是各处可烧的，月亮是各处可照的，爱情是各处可到的。','沈从文《边城》'),(0,'2018-06-29 00:00:00',NULL,39,'在等风，也在等你。','来自网络');
/*!40000 ALTER TABLE `motto` ENABLE KEYS */;
UNLOCK TABLES;
/*!40103 SET TIME_ZONE=@OLD_TIME_ZONE */;

/*!40101 SET SQL_MODE=@OLD_SQL_MODE */;
/*!40014 SET FOREIGN_KEY_CHECKS=@OLD_FOREIGN_KEY_CHECKS */;
/*!40014 SET UNIQUE_CHECKS=@OLD_UNIQUE_CHECKS */;
/*!40101 SET CHARACTER_SET_CLIENT=@OLD_CHARACTER_SET_CLIENT */;
/*!40101 SET CHARACTER_SET_RESULTS=@OLD_CHARACTER_SET_RESULTS */;
/*!40101 SET COLLATION_CONNECTION=@OLD_COLLATION_CONNECTION */;
/*!40111 SET SQL_NOTES=@OLD_SQL_NOTES */;

-- Dump completed on 2018-08-06  0:36:49
